{
    "timestamp": {
        "min": [
            0.0
        ],
        "max": [
            36.06666666666667
        ],
        "mean": [
            10.386882510375019
        ],
        "std": [
            6.480759552468157
        ],
        "count": [
            30763
        ],
        "q01": [
            0.19064234844607525
        ],
        "q10": [
            2.0650207227362425
        ],
        "q50": [
            10.379752107835097
        ],
        "q90": [
            18.706551872047502
        ],
        "q99": [
            20.582380416997236
        ]
    },
    "frame_index": {
        "min": [
            0
        ],
        "max": [
            1082
        ],
        "mean": [
            311.6064753112504
        ],
        "std": [
            194.42278657404478
        ],
        "count": [
            30763
        ],
        "q01": [
            5.7192704562292365
        ],
        "q10": [
            61.950621684411004
        ],
        "q50": [
            311.3557979520853
        ],
        "q90": [
            561.1965561591026
        ],
        "q99": [
            617.471412507071
        ]
    },
    "observation.images.top": {
        "min": [
            [
                [
                    0.0
                ]
            ],
            [
                [
                    0.0
                ]
            ],
            [
                [
                    0.0
                ]
            ]
        ],
        "max": [
            [
                [
                    1.0
                ]
            ],
            [
                [
                    1.0
                ]
            ],
            [
                [
                    1.0
                ]
            ]
        ],
        "mean": [
            [
                [
                    0.49436407061068904
                ]
            ],
            [
                [
                    0.5039537540790093
                ]
            ],
            [
                [
                    0.517290724926469
                ]
            ]
        ],
        "std": [
            [
                [
                    0.008943977994463588
                ]
            ],
            [
                [
                    0.011315939503594854
                ]
            ],
            [
                [
                    0.01047010149973898
                ]
            ]
        ],
        "count": [
            6171
        ],
        "q01": [
            [
                [
                    0.022023800296857514
                ]
            ],
            [
                [
                    0.05730818437527685
                ]
            ],
            [
                [
                    0.07663605484353896
                ]
            ]
        ],
        "q10": [
            [
                [
                    0.1001599148846437
                ]
            ],
            [
                [
                    0.24489102291352643
                ]
            ],
            [
                [
                    0.3352702952229625
                ]
            ]
        ],
        "q50": [
            [
                [
                    0.5563809969721466
                ]
            ],
            [
                [
                    0.5478111533653424
                ]
            ],
            [
                [
                    0.5408975903880294
                ]
            ]
        ],
        "q90": [
            [
                [
                    0.6545169809038579
                ]
            ],
            [
                [
                    0.6550704939029449
                ]
            ],
            [
                [
                    0.6575637990868962
                ]
            ]
        ],
        "q99": [
            [
                [
                    0.7895253474665324
                ]
            ],
            [
                [
                    0.729684980429166
                ]
            ],
            [
                [
                    0.7514505568456553
                ]
            ]
        ]
    },
    "action": {
        "min": [
            -47.94776153564453,
            -100.0,
            -60.0,
            30.434782028198242,
            -9.119579315185547,
            0.0
        ],
        "max": [
            44.58955383300781,
            43.91267776489258,
            99.45578002929688,
            100.0,
            48.90932846069336,
            58.85245895385742
        ],
        "mean": [
            0.5403591440470156,
            -24.321257864797673,
            37.94006791586173,
            72.85252901455542,
            13.10545112599757,
            16.251327634280116
        ],
        "std": [
            17.93445074674974,
            48.03146741681651,
            41.27514894591053,
            10.660893295326213,
            13.64906928058019,
            16.60310433581226
        ],
        "count": [
            30763
        ],
        "q01": [
            -17.19478865952185,
            -99.67720994509659,
            -20.44424142889379,
            53.07047181265834,
            1.040830396658361,
            0.4872402502111211
        ],
        "q10": [
            -13.53763736054212,
            -98.81920183669102,
            -13.546068560983421,
            60.60193135434025,
            2.1550685038078257,
            1.1334586026869173
        ],
        "q50": [
            -8.746341891232511,
            -17.83186313646168,
            42.43428540625465,
            73.4018248015964,
            6.323191656658368,
            7.709573171623957
        ],
        "q90": [
            31.710497383784208,
            29.36264800988331,
            93.91004184075625,
            84.8687685884171,
            36.20564279250715,
            40.87607630201779
        ],
        "q99": [
            34.68435292873218,
            30.386594796004754,
            95.78491820406845,
            91.77169014338001,
            38.50959634293692,
            43.58997402857268
        ]
    },
    "observation.state": {
        "min": [
            -46.731056213378906,
            -99.5807113647461,
            -57.62788772583008,
            31.70943832397461,
            -9.123649597167969,
            0.5453305840492249
        ],
        "max": [
            44.57652282714844,
            44.48637390136719,
            99.54730987548828,
            99.04306030273438,
            48.73949432373047,
            58.554874420166016
        ],
        "mean": [
            0.47151455913447815,
            -23.85004415671118,
            38.78964592157057,
            72.9288052564882,
            13.055851782917903,
            18.6192729543718
        ],
        "std": [
            17.883233474638494,
            48.28077197500467,
            41.00146031522732,
            10.514598730153335,
            13.633996600030814,
            15.240978383357932
        ],
        "count": [
            30763
        ],
        "q01": [
            -17.08607432426182,
            -99.41897562340891,
            -18.54149096097442,
            53.600082601671154,
            1.2238631774276842,
            1.0189099842730012
        ],
        "q10": [
            -13.592446106827506,
            -98.63790185018739,
            -12.31192174247932,
            60.774985342828714,
            2.015332356997213,
            1.7847572387423012
        ],
        "q50": [
            -8.765530813757435,
            -17.588565546729335,
            43.38557400725136,
            73.51191331270911,
            6.25317514097986,
            14.42347193101472
        ],
        "q90": [
            31.58473734311885,
            29.98100267333172,
            94.27787549304888,
            84.72041611163588,
            36.20267130814057,
            40.748940444051165
        ],