{
    "task_index": {
        "min": [
            0
        ],
        "max": [
            0
        ],
        "mean": [
            0.0
        ],
        "std": [
            0.0
        ],
        "count": [
            36471
        ],
        "q01": [
            3.9999999999994186e-16
        ],
        "q10": [
            3.999999999999417e-15
        ],
        "q50": [
            1.9999999999997094e-14
        ],
        "q90": [
            3.599999999999475e-14
        ],
        "q99": [
            3.9599999999994235e-14
        ]
    },
    "episode_index": {
        "min": [
            0
        ],
        "max": [
            60
        ],
        "mean": [
            29.178196375202216
        ],
        "std": [
            17.815108923061445
        ],
        "count": [
            36471
        ],
        "q01": [
            29.178196375202216
        ],
        "q10": [
            29.17819637520223
        ],
        "q50": [
            29.17819637520223
        ],
        "q90": [
            29.178196375202234
        ],
        "q99": [
            29.178196375202234
        ]
    },
    "action": {
        "min": [
            -47.94776153564453,
            -100.0,
            -60.0,
            30.434782028198242,
            -9.119579315185547,
            0.0
        ],
        "max": [
            44.58955383300781,
            49.11838912963867,
            99.45578002929688,
            100.0,
            52.06307601928711,
            66.80327606201172
        ],
        "mean": [
            1.1580262169344457,
            -24.62369935184571,
            38.06704864204903,
            73.12605397122263,
            13.274667465736808,
            16.50366991380987
        ],
        "std": [
            18.31423782798267,
            47.87298766480679,
            41.37936764636743,
            10.983509026656847,
            14.048063375621354,
            16.745304500178747
        ],
        "count": [
            36471
        ],
        "q01": [
            -17.064546940994944,
            -99.66402052512687,
            -21.615878337626825,
            52.86006201600676,
            0.5744372650749727,
            0.43486024398051937
        ],
        "q10": [
            -13.428976779842676,
            -98.85263826954267,
            -14.716468351934775,
            60.38856207603035,
            1.738645664247289,
            1.0044803431394442
        ],
        "q50": [
            -8.414088044550528,
            -17.881077647763536,
            42.78760433183707,
            73.57709200588953,
            6.27906831594935,
            7.953491126908642
        ],
        "q90": [
            32.305040556412585,
            30.01388712512738,
            93.78445962188273,
            85.53999016783445,
            36.94325220117129,
            41.25911258963849
        ],
        "q99": [
            35.26244810898107,
            31.061472534952824,
            95.84228029505051,
            92.36072892493088,
            39.18919820238977,
            44.348306573076236
        ]
    },
    "index": {
        "min": [
            0
        ],
        "max": [
            36470
        ],
        "mean": [
            18235.0
        ],
        "std": [
            10528.270829849822
        ],
        "count": [
            36471
        ],
        "q01": [
            17932.00802671527
        ],
        "q10": [
            17987.700504821834
        ],
        "q50": [
            18234.786524745687
        ],
        "q90": [
            18482.244016359375
        ],
        "q99": [
            18537.97319069034
        ]
    },
    "observation.images.top": {
        "min": [
            [
                [
                    0.0
                ]
            ],
            [
                [
                    0.0
                ]
            ],
            [
                [
                    0.0
                ]
            ]
        ],
        "max": [
            [
                [
                    1.0
                ]
            ],
            [
                [
                    1.0
                ]
            ],
            [
                [
                    1.0
                ]
            ]
        ],
        "mean": [
            [
                [
                    0.48368103164286674
                ]
            ],
            [
                [
                    0.48855318361657835
                ]
            ],
            [
                [
                    0.4983408358040391
                ]
            ]
        ],
        "std": [
            [
                [
                    0.026175910365918306
                ]
            ],
            [
                [
                    0.03713339002739369
                ]
            ],
            [
                [
                    0.04489924823268287
                ]
            ]
        ],
        "count": [
            7331
        ],
        "q01": [
            [
                [
                    0.026294573983311673
                ]
            ],
            [
                [
                    0.055565140988708996
                ]
            ],
            [
                [
                    0.07196792486860354
                ]
            ]
        ],
        "q10": [
            [
                [
                    0.10101973999974907
                ]
            ],
            [
                [
                    0.22345724664426775
                ]
            ],
            [
                [
                    0.30159148018173976
                ]
            ]
        ],
        "q50": [
            [
                [
                    0.5420999905561119
                ]
            ],
            [
                [
                    0.5290504306700343
                ]
            ],
            [
                [
                    0.5178214308711239
                ]
            ]
        ],
        "q90": [
            [
                [
                    0.6606839410114044
                ]
            ],
            [
                [
                    0.6633459942164546
                ]
            ],
            [
                [
                    0.6661765513840232
                ]
            ]
        ],
        "q99": [
            [
                [
                    0.7896739784655216
                ]
            ],
            [
                [
                    0.7359758914504534
                ]
            ],
            [
                [
                    0.7554182932953443
                ]
            ]
        ]
    },
    "observation.state": {
        "min": [
            -46.731056213378906,
            -99.5807113647461,
            -57.62788772583008,
            31.70943832397461,
            -9.123649597167969,
            0.5453305840492249
        ],
        "max": [
            44.57652282714844,
            49.93710708618164,
            100.0,
            99.13005828857422,
            51.92076873779297,
            66.32583618164062
        ],
        "mean": [
            1.0939930250068366,
            -24.14525768549048,
            38.93588749150594,
            73.19371266213518,
            13.23115042526719,
            18.785301466532832
        ],
        "std": [
            18.260916141671665,
            48.12933189742768,
            41.12019850983754,
            10.833056310576342,
            14.03258335972537,
            15.402354731610304
        ],
        "count": [
            36471
        ],
        "q01": [
            -16.94684723064294,
            -99.41532659640137,
            -19.714058791397832,
            53.415759930900464,
            0.7607224429756603,
            0.9780191362483505
        ],