{
    "episode_index": {
        "min": [
            0
        ],
        "max": [
            103
        ],
        "mean": [
            51.76310096992534
        ],
        "std": [
            29.673750205274953
        ],
        "count": [
            57324
        ],
        "q01": [
            51.76310096992534
        ],
        "q10": [
            51.76310096992534
        ],
        "q50": [
            51.763100969925354
        ],
        "q90": [
            51.763100969925354
        ],
        "q99": [
            51.763100969925354
        ]
    },
    "frame_index": {
        "min": [
            0
        ],
        "max": [
            982
        ],
        "mean": [
            283.6619217081853
        ],
        "std": [
            175.49904034218224
        ],
        "count": [
            57324
        ],
        "q01": [
            5.186883080984792
        ],
        "q10": [
            56.32104896719365
        ],
        "q50": [
            283.4175660142349
        ],
        "q90": [
            510.9241753716523
        ],
        "q99": [
            562.1369603353855
        ]
    },
    "timestamp": {
        "min": [
            0.0
        ],
        "max": [
            32.733333333333334
        ],
        "mean": [
            9.455397390272834
        ],
        "std": [
            5.849968011406077
        ],
        "count": [
            57324
        ],
        "q01": [
            0.17289610260459146
        ],
        "q10": [
            1.8773682988289746
        ],
        "q50": [
            9.448349681459696
        ],
        "q90": [
            17.030805845799193
        ],
        "q99": [
            18.737898677941065
        ]
    },
    "action": {
        "min": [
            -23.78731346130371,
            -100.0,
            -51.92743682861328,
            39.81919860839844,
            -25.676740646362305,
            0.0
        ],
        "max": [
            43.097015380859375,
            49.79009246826172,
            96.37187957763672,
            100.0,
            55.952693939208984,
            69.01639556884766
        ],
        "mean": [
            5.7490279112973255,
            -25.266171857655387,
            39.80908707315577,
            76.25483259403752,
            15.15351420525945,
            14.787100920126788
        ],
        "std": [
            16.609602180850267,
            46.73110838078856,
            40.01621552560561,
            11.030983106113945,
            13.963176435532572,
            16.68416894491857
        ],
        "count": [
            57324
        ],
        "q01": [
            -10.611342408489513,
            -99.6805534319173,
            -9.079721191590583,
            58.418910295389075,
            0.9244563416299557,
            0.15532186984061228
        ],
        "q10": [
            -8.512498621328074,
            -99.00628693349131,
            -4.901291206847357,
            64.92428505017038,
            2.027270630568259,
            0.3615432684658814
        ],
        "q50": [
            -0.5791554027514495,
            -10.885819160994544,
            40.1379077718125,
            75.99328925672675,
            11.618340174143741,
            6.922833803576744
        ],
        "q90": [
            33.01263900743017,
            21.31835081147041,
            92.76972129246089,
            87.56829140868712,
            37.030349630288335,
            40.92482524214917
        ],
        "q99": [
            35.21503802300104,
            22.17137364790705,
            93.80120293003709,
            92.88987003942142,
            39.39715186320587,
            42.201569982645324
        ]
    },
    "observation.images.top": {
        "min": [
            [
                [
                    0.0
                ]
            ],
            [
                [
                    0.0
                ]
            ],
            [
                [
                    0.0
                ]
            ]
        ],
        "max": [
            [
                [
                    1.0
                ]
            ],
            [
                [
                    1.0
                ]
            ],
            [
                [
                    1.0
                ]
            ]
        ],
        "mean": [
            [
                [
                    0.43974391236570454
                ]
            ],
            [
                [
                    0.428592990200915
                ]
            ],
            [
                [
                    0.42673643529320565
                ]
            ]
        ],
        "std": [
            [
                [
                    0.039906157378198207
                ]
            ],
            [
                [
                    0.0548938808803958
                ]
            ],
            [
                [
                    0.06776174027381705
                ]
            ]
        ],
        "count": [
            11824
        ],
        "q01": [
            [
                [
                    0.04001732568627854
                ]
            ],
            [
                [
                    0.05060623903965357
                ]
            ],
            [
                [
                    0.05927348174089283
                ]
            ]
        ],
        "q10": [
            [
                [
                    0.09862172122152359
                ]
            ],
            [
                [
                    0.1471993275467907
                ]
            ],
            [
                [
                    0.1916623888761646
                ]
            ]
        ],
        "q50": [
            [
                [
                    0.4817574356654768
                ]
            ],
            [
                [
                    0.45111387510369666
                ]
            ],
            [
                [
                    0.42480740197989303
                ]
            ]
        ],
        "q90": [
            [
                [
                    0.6661427316141058
                ]
            ],
            [
                [
                    0.6816841482160997
                ]
            ],
            [
                [
                    0.687348083366942
                ]
            ]
        ],
        "q99": [
            [
                [
                    0.7502097696099593
                ]
            ],
            [
                [
                    0.7488473294880498
                ]
            ],
            [
                [
                    0.7697734350932535
                ]
            ]
        ]
    },
    "task_index": {
        "min": [
            0
        ],
        "max": [
            0
        ],
        "mean": [
            0.0
        ],
        "std": [
            0.0
        ],
        "count": [
            57324
        ],
        "q01": [
            3.999999999999417e-16
        ],
        "q10": [
            3.999999999999417e-15
        ],
        "q50": [
            1.9999999999997084e-14
        ],
        "q90": [
            3.5999999999994754e-14
        ],
        "q99": [
            3.959999999999423e-14
        ]
    },
    "observation.state": {
        "min": [
            -23.848440170288086,
            -99.74842834472656,
            -49.479400634765625,
            40.84384536743164,
            -24.789915084838867,
            0.47716426849365234
        ],
        "max": [
            42.94205093383789,
            50.35639572143555,
            99.81892395019531,
            99.21704864501953,
            55.882354736328125,
            68.64349365234375
        ],